{
  "name": "generic-compaign-maps",
  "title": "The Marsh",
  "description": "<p>Welcome to the Marsh!</p>\n<p>Nestled inside of the large kingdom of Varous is a massive swamp known officially as the Marsh of Daveltonas, but called simply the Marsh by most. While the land is officially claimed by the Harus dynasty, their actual ability to police the area is limited. Instead, the Marsh is divided into sections ruled over by whatever creature or power can hold their own. Dragons, liches, yuan-ti, lizardfolk, trolls, and more have all carved out their own territories while small towns and farms struggle to survive the violent politics of the region. The swamp contains some of the last ruins of the Wruviel Empire which once dominated the majority of the three continents of Troj and as civilization has rebuilt following the fall of the empire, greedy eyes now turn to the untapped treasures within the Marsh.</p>\n<p> </p>",
  "authors": [],
  "flags": {},
  "version": "1.0.0",
  "minimumCoreVersion": "0.6.0",
  "compatibleCoreVersion": "0.8.8",
  "scripts": [],
  "esmodules": [],
  "styles": [],
  "languages": [],
  "packs": [],
  "system": "dnd5e",
  "dependencies": [
    {
      "name": "dnd5e",
      "type": "system"
    },
    {
      "name": "plutonium",
      "manifest": "https://raw.githubusercontent.com/TheGiddyLimit/plutonium-next/master/module.json"
    },
    {
      "name": "forien-quest-log"
    },
    {
      "name": "lootsheetnpc5e"
    }
  ],
  "socket": false,
  "manifest": "https://raw.githubusercontent.com/ChrisAndelin/FoundryVttWorlds/develop/generic-compaign-maps/world.json",
  "download": "https://github.com/ChrisAndelin/FoundryVttWorlds/raw/develop/!deploy/generic-compaign-maps.zip",
  "protected": false,
  "background": "worlds/generic-compaign-maps/artwork/Marsh.jpg",
  "coreVersion": "0.8.8",
  "resetKeys": false,
  "safeMode": false
}