{
  "name": "lmop",
  "title": "Lost Mines of Phandelver",
  "description": "<p>LMOP template</p>",
  "authors": [],
  "flags": {},
  "version": "1.0.0",
  "minimumCoreVersion": "0.6.0",
  "compatibleCoreVersion": "0.8.8",
  "scripts": [
    "templates/roll20-templates.js"
  ],
  "esmodules": [],
  "styles": [
    "templates/roll20-templates.css"
  ],
  "languages": [],
  "packs": [],
  "system": "dnd5e",
  "dependencies": [
    {
      "name": "dnd5e",
      "type": "system"
    },
    {
      "name": "lmop-shared",
      "manifest": "https://raw.githubusercontent.com/ChrisAndelin/lmop-shared/master/module.json",
      "type": "module"
    },
    {
      "name": "plutonium",
      "manifest": "https://raw.githubusercontent.com/TheGiddyLimit/plutonium-next/master/module.json",
      "type": "module"
    },
    {
      "name": "forien-quest-log",
      "type": "module"
    },
    {
      "name": "lootsheetnpc5e",
      "type": "module"
    },
    {
      "name": "magicitems",
      "type": "module"
    },
    {
      "name": "multilevel-tokens",
      "type": "module"
    }
  ],
  "socket": false,
  "manifest": "https://raw.githubusercontent.com/ChrisAndelin/FoundryVttWorlds/develop/lmop/world.json",
  "download": "https://github.com/ChrisAndelin/FoundryVttWorlds/raw/develop/!deploy/lmop.zip",
  "protected": false,
  "background": "modules/lmop-shared/scenes/tiles/Landing_Page/tile_0.png",
  "coreVersion": "0.8.8",
  "nextSession": null,
  "resetKeys": false,
  "safeMode": false
}