{
  "name": "lmop-template",
  "title": "Lost Mines of Phandelver (Template)",
  "description": "<p>LMOP template</p>",
  "authors": [],
  "flags": {},
  "version": "1.0.0",
  "minimumCoreVersion": "0.6.0",
  "compatibleCoreVersion": "0.8.8",
  "coreVersion": "0.8.8",
  "scripts": [
    "templates/roll20-templates.js"
  ],
  "esmodules": [],
  "styles": [
    "templates/roll20-templates.css"
  ],
  "languages": [],
  "packs": [],
  "system": "dnd5e",
  "dependencies": [
    {
      "name": "dnd5e",
      "type": "system"
    },
    {
      "name": "lmop-shared",
      "manifest": "https://raw.githubusercontent.com/ChrisAndelin/lmop-shared/master/module.json"
    },
    {
      "name": "plutonium",
      "manifest": "https://raw.githubusercontent.com/TheGiddyLimit/plutonium-next/master/module.json"
    },
    {
      "name": "forien-quest-log"
    },
    {
      "name": "lootsheetnpc5e"
    },
    {
      "name": "magicitems"
    },
    {
      "name": "multilevel-tokens"
    }
  ],
  "socket": false,
  "manifest": "https://raw.githubusercontent.com/ChrisAndelin/FoundryVttWorlds/develop/lmop-template/world.json",
  "download": "https://github.com/ChrisAndelin/FoundryVttWorlds/raw/develop/!deploy/lmop-template.zip",
  "url": "https://github.com/ChrisAndelin/FoundryVttWorlds",
  "protected": false,
  "background": "modules/lmop-shared/scenes/tiles/Landing_Page/tile_0.png",
  "resetKeys": false,
  "safeMode": false
}
